<?xml version="1.0" encoding="utf-8" ?> 

<component name="WeatherReport" extends="Group" >
    <children>
        <LayoutGroup layoutDirection="vert" vertAlignment="vert" horizAlignment="center" itemSpacings="20" translation="[0,0]" >
            <Label id="cityText" horizAlign="center" translation="[0,0]" font="font:LargeBoldSystemFont" width="500" height="40" text="City"/>
            <Poster id="weatherImage" width="200" height="200" uri="pkg:/images/sample.png"/>
            <Label id="condText" horizAlign="center" translation="[0,0]" font="font:LargeBoldSystemFont" width="500" height="40" text="Conditions" wrap="true"/>
            <!-- Temp Data -->
            <Label id="feelsTempText" horizAlign="left" translation="[0,0]" font="font:MediumSystemFont" width="450" height="30" text="Feels Like Temperature"/>
            <Label id="rangeTempText" horizAlign="left" translation="[0,0]" font="font:MediumSystemFont" width="450" height="30" text="Temp Range"/>
            <!-- Precipitation Data -->
            <Label id="precipText" horizAlign="left" translation="[0,0]" font="font:MediumSystemFont" width="450" height="30" text="Total and Type"/>
            <!-- Wind Data -->
            <Label id="windText" horizAlign="left" translation="[0,0]" font="font:MediumSystemFont" width="450" height="30" text="Speed and Direction"/>
        </LayoutGroup>
    </children>
</component>

<!-- By Evan Rafuse 2022 -->
<!-- Photos from Unsplash 2022 -->