{
    "regions":[
        {
            "name":"Atlantic",
            "cities":[
                {
                    "name": "Halifax",
                    "province": "NS"
                },
                {
                    "name": "Fredericton",
                    "province": "NB"
                },
                {
                    "name": "Moncton",
                    "province": "NB"
                },
                {
                    "name": "Charlottetown",
                    "province": "PE"
                },
                {
                    "name": "Sydney",
                    "province": "NS"
                }
            ]
        },
        {

            "name":"Central",
            "cities":[
                {
                    "name": "Toronto",
                    "province": "ON"
                },
                {
                    "name": "Ottawa",
                    "province": "ON"
                },
                {
                    "name": "Montreal",
                    "province": "QC"
                },
                {
                    "name": "Quebec",
                    "province": "QC"
                },
                {
                    "name": "Sudbury",
                    "province": "ON"
                }
            ]
        },
        {
            "name":"Western",
            "cities":[
                {
                    "name": "Edmonton",
                    "province": "AB"
                },
                {
                    "name": "Calgary",
                    "province": "AB"
                },
                {
                    "name": "Regina",
                    "province": "SK"
                },
                {
                    "name": "Saskatoon",
                    "province": "SK"
                },
                {
                    "name": "Winnipeg",
                    "province": "MB"
                }
            ]
        },
        {
            "name":"Pacific",
            "cities":[
                {
                    "name": "Vancouver",
                    "province": "BC"
                },
                {
                    "name": "Kelowna",
                    "province": "BC"
                },
                {
                "name": "Victoria",
                "province": "BC"
                },
                {
                    "name": "Kamloops",
                    "province": "BC"
                },
                {
                    "name": "Chilliwack",
                    "province": "BC"
                }
            ]
        },
        {
            "name":"Northern",
            "cities":[
                {
                    "name": "Whitehorse",
                    "province": "YK"
                },
                {
                    "name": "Yellowknife",
                    "province": "NT"
                },
                {
                "name": "Iqaluit",
                "province": "NU"
                },
                {
                    "name": "Gander",
                    "province": "NF"
                },
                {
                    "name": "Hopedale",
                    "province": "NF"
                }
            ]
        }
    ]
}